"reviewer_name","reviewer_rating","reviewer_date","reviewer_review","reviewer_ContributorLevel","reviewer_HelpfulVotes"
"WWWong39","ui_bubble_rating bubble_50","Date of experience: September 2018","My husband and I stayed at Hotel M√ºller, Hohenschwangau. It is part of the 3-day Romantic Road Independent Tour from Frankfurt to Munich. The hotel staff arranged two ticket for us. You could either walk (20 minutes), rode a bus or rode a horse drawn...More","Level 4 Contributor","1 Helpful vote"
"Camellya_R","ui_bubble_rating bubble_50","Date of experience: April 2018","This is a must to see, the fairy tale castle in Bavaria.. After a nice walk up on the mountain you will meet this majestic ""schloss""","Level 1 Contributor","1 Helpful vote"
"Mary S","ui_bubble_rating bubble_20","Date of experience: March 2019","Schloss Neuschwanstein is set in breathtaking scenery, it's a pity the experience did not live up to it. The groups were too big. The tour was only for 20 minutes, if that. There was no opportunity to stop and look. We acknowledge that restoration work...More","Level 1 Contributor","1 Helpful vote"
"34ruxandrat","ui_bubble_rating bubble_40","Date of experience: March 2019","The surroundings are very beautiful and Neuschwanstein Castle is worth a visit if you are in the area. The castle itself is very pretty but the paid tour is too expensive for what it offers. Bare in mind it is a big tourist attraction and...More","Level 3 Contributor","1 Helpful vote"
"thejk2019","ui_bubble_rating bubble_50","Date of experience: March 2019","Neuschwanstein is one of the mist famous tourist attractions in Bavaria, so don't forget to reserve your ticket online. Reserved tickets have to be picked up in time! King Ludwig the 2nd is called the king of farytales for a reason. Growing up in castle...More","Level 3 Contributor","2 Helpful votes"
"BetsyBtravelin","ui_bubble_rating bubble_40","Date of experience: March 2019","Neuschwanstein and Hohenschwangau are within walking distance of each other and tours are by timed ticket. Our hotel (Das Konig Ludwig) arranged the tickets for us in advance so we were able to get them at the centrally located ticket center. I had searched for...More","Level 4 Contributor","28 Helpful votes"
"Tomoko A","ui_bubble_rating bubble_30","Date of experience: March 2019","Worth visiting place at least once in the life. Everything was very well organized to deal with a number of tourists. But from the tourists' side, there were some complaints. The explanation in the castle was rather monotonous. We couldn't stay each places as long...More","Level 1 Contributor","28 Helpful votes"
"pfiffikus2018","ui_bubble_rating bubble_50","Date of experience: March 2019","Great place to visit! A must see! Nevertheless it is better to plan your trip in advance. It can be a very crowded place. If you get your ticket in advance and be there in time you will have a fantastic day. It is a...More","Level 3 Contributor","7 Helpful votes"
"Denise0510","ui_bubble_rating bubble_50","Date of experience: April 2018","It is not so much as the castle itself, exquisite as it is, but the location! Believe me. All the pictures you see while deciding if it is worth a visit are not photoshoped! lol","Level 4 Contributor","10 Helpful votes"
"tonyav124","ui_bubble_rating bubble_40","Date of experience: March 2019","This is the top site in Germany so be prepared for crowds. If you are not going as a tour group I recommend getting your tickets early and being on time at the gate! You have 4 min. To enter with your group and then...More","Level 6 Contributor","34 Helpful votes"
"RitaL23","ui_bubble_rating bubble_10","Date of experience: March 2019","First of all, ticket system is way too complicated, nothing for a spontaneous trip. Prices are too expensive for what we could see, since most of the castle was covered in construction, only one tour to be visited. All tour guides are absolutely unfriendly, they...More","Level 4 Contributor","4 Helpful votes"
"TuristaFeliceAM","ui_bubble_rating bubble_30","Date of experience: March 2019","The castle itself didn't meet my expectations. Visited in March and despite cold weather there were crowds of tourists. We walked towards the castle and it was a pleasant walk - fresh air, little streams falling from the mountains. But castle was somehow pale and...More","Level 6 Contributor","60 Helpful votes"
"Dogdreamer","ui_bubble_rating bubble_40","Date of experience: February 2019","this was our third stop for the day and tour was sold out by the time we got there which was early afternoon 3?? We walked to the entrance anyway, which was covered with scaffolding for restoration. This is an extremely tourist stop so not...More","Level 4 Contributor","10 Helpful votes"
"Donsurfandski","ui_bubble_rating bubble_50","Date of experience: March 2019","Just spent a fantastic day visiting the Neuschwanstein Castle. Despite heavy snow and winds, the trip was sensational thanks to our great tour guide Dani. Her knowledge about the history of the castle and her fantastic attitude made the trip one of the highlights of...More","Level 3 Contributor","15 Helpful votes"
"JoScotch","ui_bubble_rating bubble_30","Date of experience: March 2019","Visited with 2 friends in March. You can walk up to the castle for free, I wouldn‚Äôt bother with any tours. There were far too many people on the guided tour and we were rushed around and given no time to look around (this would...More","Level 4 Contributor","32 Helpful votes"
"chrislioo","ui_bubble_rating bubble_50","Date of experience: July 2018","Although you cannot take pictures inside the castle, it is definitely one of the better castles in Europe that I would recommend people to take the effort and see. The King of Bavaria Ludwig II was an avid fan of Wagner's works which can be...More","Level 5 Contributor","18 Helpful votes"
"BagmanNZ","ui_bubble_rating bubble_50","Date of experience: October 2018","I came here on a tour on an atrociously wet day. With it being a tour we walked up to the castle. If I was here by myself in similar conditions I'm not sure I'd do that again. Horse and cart would do just fine....More","Level 6 Contributor","273 Helpful votes"
"AmyC201529","ui_bubble_rating bubble_40","Date of experience: March 2019","This was one of my favorite things we visited! It is beautiful against the Bavarian scenery and everywhere you look beautiful views! It is a lot of walking and there is very limited handicap accessibility to get there and once inside the castle. We did...More","Level 6 Contributor","31 Helpful votes"
"Garrett P","ui_bubble_rating bubble_50","Date of experience: May 2018","This was my first time in this area of Europe so I took a day out before I drove the Romantic Road. I was not disappointed. The castle is beautiful. The interior of the castle is really interesting because each large room is dedicated to...More","Level 6 Contributor","35 Helpful votes"
"paulmO2855OB","ui_bubble_rating bubble_30","Date of experience: March 2019","The castle was amazing!! But the tour was trash. We barley saw any of the castle and the tour guides got mad because we took too long to look at stuff. Won‚Äôt be coming back due to the tour company in charge. If I pay...More","Level 3 Contributor","5 Helpful votes"
"An_Old_Burian","ui_bubble_rating bubble_20","Date of experience: February 2019","This is a massive castle but you only get to visit a small number of rooms in the tour - and that involves something like 100 steep steps both up and down...‚Ä¶..after you have undertaken a stiff walk up from the cafes (even if you...More","Level 6 Contributor","301 Helpful votes"
"Paivar","ui_bubble_rating bubble_50","Date of experience: November 2018","We went in the afternoon on an off peak day and it was very busy so I can imagine how bad it would be in peak! Parking was easy. We walked up to the bus line and caught that up the hill and walked back...More","Level 6 Contributor","34 Helpful votes"
"erniemaryk","ui_bubble_rating bubble_40","Date of experience: February 2019","My husband and I took the tour in February. We had a beautiful day. Its a long walk up to the castle but so worth it. The guided tour provided lots of historical details and the castle itself is simply amazing.","Level 5 Contributor","7 Helpful votes"
"Augustin Ovidiu T","ui_bubble_rating bubble_50","Date of experience: September 2018","we got on the bus, the long way to get up ... I was at a suspended bridge where it was said that Ludwig met a woman in secret ... the castle is gorgeous as a story, it's not over, it's not visit all the...More","Level 5 Contributor","6 Helpful votes"
"wbkrb","ui_bubble_rating bubble_40","Date of experience: February 2019","In Schwangau you can visit 2 castles. the castle Hohenschwangau & castle Neuschwanstein. Both castles lie on a mountain which is a strong walk. Depending on the season, buses and horse-carriage are available here. During my visit, it was only possible to use carriages to...More","Level 1 Contributor","2 Helpful votes"
"PickApprentice","ui_bubble_rating bubble_50","Date of experience: February 2019","We were in Munich for two days and decided to spend our Sunday at the castles. It was a right decision to make reservation for entry tickets online as we waited for 10 mins in comparison to the unreserved queue which I would not be...More","Level 2 Contributor","17 Helpful votes"
"JCPetty","ui_bubble_rating bubble_50","Date of experience: September 2018","You can only purchase tickets there, the day of your tour, or online two days or more ahead of time. We decided to walk out of town to the ticket office at the base of the mountain the castles, which was pleasant enough, but took...More","Level 6 Contributor","45 Helpful votes"
"Stephanie D","ui_bubble_rating bubble_50","Date of experience: December 2018","Wow, this place is just beautiful outside and in. The walk/hike to the castle was a great way to get some fresh air. The walk was manageable on paved road and not very steep. I would recommend getting your ticket then starting a leisurely journey...More","Level 6 Contributor","42 Helpful votes"
"TravelLikeLocal","ui_bubble_rating bubble_40","Date of experience: December 2018","This is a place that I have to come every time I‚Äôm in Bavaria. I‚Äôve been three times! I totally recommend booking a tour the first time you come because it can be a hassle to get tickets and make sure your at the gate...More","Level 3 Contributor","2 Helpful votes"
"joday013","ui_bubble_rating bubble_40","Date of experience: February 2019","Great tour with my daughter. It just like all the pictures. Just a warning you can't take pictures inside the castles which is a shame, but still worth the walk up to see it.","Level 5 Contributor","22 Helpful votes"
"jakubz457","ui_bubble_rating bubble_40","Date of experience: October 2018","We arrive around 8 in the morning. The place in early autumn sun looks just amazing. We were charmed, but to be honest, if You can choose the day when You arrive, try middle of the week - during weekends the place is very crowded,...More","Level 3 Contributor","18 Helpful votes"
"AmCan","ui_bubble_rating bubble_50","Date of experience: June 2018","Neuschwanstein is ""Mad"" King Ludwig's architectural masterpiece. Now, Ludwig wasn't really all that ""mad,"" and the multi-layered, nuanced story (and mystery) unfolds as you take the tour. The ‚Äúcastle‚Äù is a modern invention. Ludwig started it in the late 19th century. It looks like a...More","Level 4 Contributor","43 Helpful votes"
"dianacanaday","ui_bubble_rating bubble_40","Date of experience: December 2018","but frankly I was just a little disappointed. The tour was an all day tour from Munich which was nice - a lot of beautiful countryside along the way....even though it was raining and even a little snowing, it was beautiful (and cold). When you...More","Level 6 Contributor","103 Helpful votes"
"Rabih-SOUAID","ui_bubble_rating bubble_50","Date of experience: December 2018","Entrance fees: 13‚Ç¨ (Audioguide included). Visit Duration: Audio guided tour for around 40 minutes. The interior is beautiful however it's not a big loss if you missed the interior, however the exterior is worth the time. Book online ahead of time. You might wait for...More","Level 6 Contributor","422 Helpful votes"
"RobotsAreTheFuture","ui_bubble_rating bubble_40","Date of experience: October 2018","We paid a visit to this famous castle in October, a must see if you are visiting the area. You can either walk up or take a horse drawn cart to the top. We elected to walk as we wanted some extra exercise! It's a...More","Level 4 Contributor","1 Helpful vote"
"CMCteach","ui_bubble_rating bubble_50","Date of experience: April 2018","Breathtaking views, fascinating history, and superb guides makes this an absolute must see! It is surreal to walk the same hallways and in the same rooms of those who lived here centuries ago.","Level 3 Contributor","1 Helpful vote"
"KOAHTR","ui_bubble_rating bubble_40","Date of experience: December 2018","It is no wonder that Disney found inspiration in the Neuschwanstein castle. It is quite breath-taking from the outside and fairly interesting inside too. I would recommend taking a horse-drawn carriage up and perhaps walking back down.","Level 4 Contributor","5 Helpful votes"
"PISICAANA","ui_bubble_rating bubble_50","Date of experience: December 2018","I visited Munich at the beginning of December 2018. The purpose of this visit was to see the Christmas fairs in Munich. But we booked one day and went out of town and visited the castle. The tickets for castle have been booked online; I...More","Level 4 Contributor","9 Helpful votes"
"stranger_and_pilgrim","ui_bubble_rating bubble_30","Date of experience: January 2019","I have long wanted to visit Neuschwanstein Castle and was really looking forward to it. We were there in January 2019 - in the middle of the heaviest snowfall for the area in approximately 15 years. The snow was amazing and just added to the...More","Level 6 Contributor","57 Helpful votes"
"emmadonareviews","ui_bubble_rating bubble_40","Date of experience: July 2018","definitely worth the hike or bus drive what a gorgeous castle! we saw both of them on our trip and i fell in love! if i become a princess i‚Äôm moving there ahah. definitely recommend going to both of the castles and doing the tour...More","Level 4 Contributor","8 Helpful votes"
"NewJerseyFunTraveler","ui_bubble_rating bubble_40","Date of experience: January 2019","Thought the ticket price was too expensive for what you got on the tour. First off, you have to hike up about a mile up a very steep muddy driveway to get up to the castle (not for the fade of heart). We stopped at...More","Level 6 Contributor","67 Helpful votes"
"Gabriella F","ui_bubble_rating bubble_30","Date of experience: January 2019","I love this castle. From the outside. i have been wanting to come here for years, and, well, I found the tour to be underwhelming. We were whisked through very quickly (they said 30 minute tour, but I¬¥m sure it was less), and only saw...More","Level 2 Contributor","3 Helpful votes"
"KaterinaDyrda","ui_bubble_rating bubble_50","Date of experience: January 2019","**PLEASE READ THE BOTTOM FOR HOW TO SAVE MONEY GETTING HERE WITH THE BAYERN PASS** I went with my fiancee to Neuschwanstein for New Year's. Apart from being her childhood dream, it was also one of the reasons that inspired her to learn German. It's...More","Level 1 Contributor","8 Helpful votes"
"ignazh","ui_bubble_rating bubble_20","Date of experience: February 2019","You will be pushed thru the rooms without really explained what you see and what is depicted. Comments of guides are on the 6th grade level. You have no clue, where you are in the building and how this castle is structured. You see half...More","Level 4 Contributor","54 Helpful votes"
"gsm1121","ui_bubble_rating bubble_50","Date of experience: January 2019","The most famous and popular castle in the world? Probably, at least Walt Disney thought so when he modeled his theme park castles after this one. As usual, I liked the outside view more than the inside view. It wasn't expensive so go inside but...More","Level 6 Contributor","142 Helpful votes"
"niamhabroad","ui_bubble_rating bubble_50","Date of experience: January 2019","Beautiful castle in a stunning setting and it's easy to see why it has become world famous. We travelled by train from Munich and felt that the journey was very worthwhile. We walked the mile or so up to the castle from the village and...More","Level 5 Contributor","45 Helpful votes"
"takeshih2016","ui_bubble_rating bubble_40","Date of experience: January 2019","Speaking of the most famous German building, everybody conceives Neuschwanstein castle that served as a model for Cinderella castle. You can go there from Munich using Bavaria ticket, a discount rail ticket. However we applied for the tour held by JTB via Veltra because Bavaria...More","Level 6 Contributor","44 Helpful votes"
"MichaelBanks","ui_bubble_rating bubble_30","Date of experience: January 2019","I was heading to Munich but decided to detour down to Bovaria and the world famous Neuschwanstein castle. From the train station it is ‚Ç¨6 to get to a stop in which you have a short walk to get to the ticket station. Believe it...More","Level 6 Contributor","19 Helpful votes"
"265irinaj","ui_bubble_rating bubble_50","Date of experience: January 2019","The castle is breathtaking when you come close to it. Once you first see it from the road- it looks rather small. However in close proximity it‚Äôs very impressive. Interiors inside are so unusual that I haven‚Äôt seen anything like that before. It‚Äôs challenging for...More","Level 6 Contributor","107 Helpful votes"
"anthonyfung1969","ui_bubble_rating bubble_30","Date of experience: January 2019","The interior of the castle is really beautiful, the audio commentary is very good, if only the guided tour can be improved.There are too many unfriendly regulations for the semi guided audio tour, we were stuck with a large group and you can hardly see...More","Level 4 Contributor","7 Helpful votes"
"Lizardprincess","ui_bubble_rating bubble_50","Date of experience: January 2019","Was here on my 50th Birthday in early January Speechless Bucket list tick Munich means Neuschwanstein. Its a bit of a trek to the castle, buses dont run in winter and the queues to the horse and cart were ling by the time we got...More","Level 3 Contributor","11 Helpful votes"
"TravellerSince1960","ui_bubble_rating bubble_50","Date of experience: July 2018","We came to HohenSchwangau about 9 am. There was already lot of people in ticket office. We got tickets 9:38 to English tour 13:35. We drove to Fussen meanwhile. We were lucky to get parking again 10:42. Center of village was like chaos vehicles and...More","Level 5 Contributor","16 Helpful votes"
"Julia P","ui_bubble_rating bubble_40","Date of experience: January 2019","Spent the night in F√ºssen which made it really easy to get to the castle early before the crowds. Take bus 73 or 78 from the Bahnhof. The architecture and interior design of the castle is beautiful!! Unfortunately Marienbr√ºke was closed at the time so...More","Level 4 Contributor","3 Helpful votes"
"42sharone","ui_bubble_rating bubble_40","Date of experience: June 2018","Unbelievable fairytale type castle. You can spend a whole day exploring the gigantic castle. You won‚Äôt be able to take pictures inside and the walk up to the castle is very long - defiantly not something to do with mobility issues. The area around the...More","Level 3 Contributor","2 Helpful votes"
"882catalinp","ui_bubble_rating bubble_50","Date of experience: April 2018","One of the most beautiful castles I've ever been to, and I've been to a bunch. It had a very rich story behind it and a very spectacular interior design. Some of the castles rooms were created in different styles starring from bisanthian to gothic....More","Level 5 Contributor","7 Helpful votes"
"edwardtang","ui_bubble_rating bubble_40","Date of experience: January 2019","A castle that is full of imagination and fantasies. Amazing views all over the castle from within and outside the castle. Allow yourself at least 30 minutes to decent from the castle by foot. Wear comfortably and better to get tickets through a travel agent...More","Level 6 Contributor","28 Helpful votes"
"ChristiVanE","ui_bubble_rating bubble_50","Date of experience: December 2018","There is a reason why this is such a popular tourist spot. The castle is as beautiful as all the millions of photos getting shared every year. We did this as a day visit from Munich, and found it easy to do. Taking the train...More","Level 5 Contributor","13 Helpful votes"
"Twins_mama_foody","ui_bubble_rating bubble_40","Date of experience: January 2019","Beautiful place with breathtaking views! Keep in mind you can‚Äôt take pictures inside. Also we took the last tour at 16:00 and we had bad surprise when we found out we have to walk down with two kids in the snow! Make sure you have...More","Level 5 Contributor","4 Helpful votes"
"cjuergens86","ui_bubble_rating bubble_40","Date of experience: December 2018","I've been to Neuschwanstein twice now, once in autumn and once during christmas. The latter visit was a little unfortunate as due to the cold temperatures the bridge was closed and we couldnt access it to get the typical photos. Really a shame! The guided...More","Level 3 Contributor","6 Helpful votes"
"husbandsmeetworld","ui_bubble_rating bubble_50","Date of experience: December 2018","My husband and I wanted to see Neuschwanstein Castle but were based in Berlin for our trip. We took a day trip by flying from Berlin to Munich (EasyJet) and then driving to the castle. It was a long day but well worth the trip....More","Level 4 Contributor","14 Helpful votes"
"Skbrown12","ui_bubble_rating bubble_50","Date of experience: January 2019","This castle is a must see when in the area. Yes it‚Äôs a long walk and yes it‚Äôs up hill all the way but once you reach the top you will have a breathtaking view. It‚Äôs at the foot of Swiss Alps and we have...More","Level 5 Contributor","8 Helpful votes"
"616tessr","ui_bubble_rating bubble_50","Date of experience: December 2018","A beautiful castle that was magical even in the pouring rain. Well worth the walk up to the bridge. Did not go inside as family said it‚Äôs a letdown. Horse and carriage ride is easy and cheap and a fun experience too.","Level 4 Contributor","9 Helpful votes"
"269ortalc","ui_bubble_rating bubble_50","Date of experience: January 2019","Wow!!! Amazing castle!!! We go up with carriage(6‚Ç¨) On the way down we walk It's took around 15 min We did a tour inside the castle It's took around 20 min. while the tour You can recording on English and other languages about the history...More","Level 4 Contributor","9 Helpful votes"
"kkhappl","ui_bubble_rating bubble_50","Date of experience: February 2018","Had a great time touring the castle. Great scenery. Pretty cool how they built the castle on the edge of a cliff so long ago! We live by Disney world so it is pretty cool to see the castle it was modeled after.","Level 4 Contributor","17 Helpful votes"
"philr659","ui_bubble_rating bubble_30","Date of experience: January 2019","Of the two castles on the site the old castle - though less pretty - is the most impressive. The tour of the Old Castle was well worth it; the tour guide Wolfgang was fun, informative and knew his subject matter. The New castle however,...More","Level 3 Contributor","2 Helpful votes"
"colleenbrookexo","ui_bubble_rating bubble_50","Date of experience: May 2018","What a wonderful experience! We booked this experience on our own (not with a tour) and drove ourselves from Munich. It was a wonderful way to spend the day. As first time visitors to Bavaria, we were taken aback by the landscape. Seeing the Alps...More","Level 4 Contributor","8 Helpful votes"
"Annah E","ui_bubble_rating bubble_30","Date of experience: December 2018","The castle is fabulous, full of ornate and splendid things. The location is spectacular and the story of the tragic king is fascinating. Do check out the bridge - a breathtaking view and exciting height challenge. Unfortunately, the tours are jammed so close together -...More","Level 3 Contributor","14 Helpful votes"
"JassimAlNowais","ui_bubble_rating bubble_40","Date of experience: January 2019","The main inspiration behind Disney‚Äôs mesmerizing fairytales. The details are very nice. The scenic train ride from Munich was breathtaking. We took a horse carriage up to the castle and walked down by foot. The guided tour lasted for an hour and it was very...More","Level 3 Contributor","3 Helpful votes"
"261luigil","ui_bubble_rating bubble_10","Date of experience: December 2018","The tour inside is ridiculously expensive for what you actually see and there is really nothing special than a nice view (only from one direction after a short path). If you get to be there in winter and the path to get to this only...More","Level 6 Contributor","15 Helpful votes"
"Use_the_force_jodi","ui_bubble_rating bubble_40","Date of experience: September 2018","I‚Äôm not saying don‚Äôt visit inside....that‚Äôs still great....but the wonder is the outside. Just magical from every vantage point. The inside is good a swell. Lots of steps and quite busy, but worth it if you have the time","Level 3 Contributor","3 Helpful votes"
"travelling-ravs","ui_bubble_rating bubble_30","Date of experience: December 2018","I visited this castle together with Linderhof Palace with Grey Line tours. Neuschwanstein is grand on the outside, no argument there so was expecting the wow factor once we got inside...and nope. A bit of an anticlimax considering how long it takes to hike up...More","Level 3 Contributor","6 Helpful votes"
"gopalbharuka","ui_bubble_rating bubble_50","Date of experience: January 2019","Perfect destination to visit in group. The lake near the climb adds to the picturesque experience. It‚Äôs roughly 2 hours by bus from Munich city central.","Level 3 Contributor","1 Helpful vote"
"Kathleen D","ui_bubble_rating bubble_40","Date of experience: December 2018","Spectacular to look at from a distance even more so up close. If you have difficulty walking or climbing stairs you may need to think about it. Take the horse and carriage up but there is still more uphill walking and plenty of stairs. Well...More","Level 4 Contributor","9 Helpful votes"
"Sanjeev D","ui_bubble_rating bubble_50","Date of experience: July 2018","This Castle is one of its kind. A must visit for every traveler. Located in the Bavaria region has a great history behind and give an insight about the kings during that period.","Level 4 Contributor","9 Helpful votes"
"Aurie23","ui_bubble_rating bubble_50","Date of experience: December 2018","Save yourself so much by going to the castle from Munich, and not paying a fortune for a tour. Three of us took the train using a Bayern ticket from Munich main train station and we had pre-booked tickets online, which was done with a...More","Level 4 Contributor","31 Helpful votes"
"ChaeAmando","ui_bubble_rating bubble_40","Date of experience: November 2018","King Ludwig the II‚Äôs intent to bring to life an idealized Medieval castle fantasy is realized in this magical complex of castles. Much like everyone, I‚Äôd already seen it‚Äôs iconic facade in photos (and yes the Disney homage), but I was completely swept away by...More","Level 6 Contributor","85 Helpful votes"
"Taylor W","ui_bubble_rating bubble_50","Date of experience: October 2018","We visited while in Munich for Oktoberfest. Wonderful place to see and only wish we could've spent more time touring the area. We wore our lederhosen and dirndl and our photos came out great, almost looked photoshopped- great personalized Christmas card option haha.","Level 2 Contributor","2 Helpful votes"
"darluthier","ui_bubble_rating bubble_40","Date of experience: August 2018","We were super excited to visit Neuschwanstein, but the weather couldn‚Äôt have been any worse. It poured with rain and it was completely enveloped in a cloud for the entire 4 days we were there. Of course you can‚Äôt help the weather, but it‚Äôs something...More","Level 4 Contributor","7 Helpful votes"
"Eugeniya555","ui_bubble_rating bubble_40","Date of experience: October 2018","I wanted to visit this castle long ago. But...to tell the truth, expected much more. Exterior is magnificent, interior is modest (it's my opinion), and you have no enough time to see all beauty inside because the guide was racing our big group (you can...More","Level 2 Contributor","2 Helpful votes"
"Hasnraz","ui_bubble_rating bubble_50","Date of experience: January 2019","This was on my bucket lest for years and wanted to see it during winter time. So finally saw the fairy tale castle and it was amazing. Unfortunately the tour is very short and is over within an hour. Fantasy castle and all the room...More","Level 4 Contributor","18 Helpful votes"
"gdaymelb","ui_bubble_rating bubble_50","Date of experience: October 2018","we went via bus tour to the castle the walk up although steep and gets your heart rate up was beautiful the autum leaves were amazing and i would definatly return there. only big note is most places take cash only or have a minimum...More","Level 2 Contributor","2 Helpful votes"
"leesK1482ZN","ui_bubble_rating bubble_50","Date of experience: August 2018","My wife and I were able to take a day trip to visit Neuschwanstein Castle and the surrounding area. The trip from Munich to the F√ºssen area is an easy one. We decided to rent a car from the Munich Central Station (Hauptbahnhof) rather than...More","Level 3 Contributor","4 Helpful votes"
"Bryuzga","ui_bubble_rating bubble_50","Date of experience: January 2019","Magnificent, opulent and not finished, it almost made Bavarian kings bankrupt and cost throne and life to its owner and creator - King Ludwig II. However, Ludwig will always be remembered - it is the greatest monument to him.","Level 6 Contributor","54 Helpful votes"
"Algarveaddick","ui_bubble_rating bubble_20","Date of experience: January 2019","I can only echo other disappointed travellers reports. We went with Radius Tours from Munich, which cost about ‚Ç¨110 for two of us. Nothing to complain about there, great guide, good advice and no hanging about for tickets as they do it all for you....More","Level 6 Contributor","97 Helpful votes"
"AlexALM626","ui_bubble_rating bubble_50","Date of experience: January 2019","Since childhood, I have been thinking about visiting Neuschwanstein Castle. I am happy that I had visited it recently. It is a marvelous place, filled up with a positive energy. The landscape around it is green and rocky. The Castle itself seems like you're in...More","Level 3 Contributor","9 Helpful votes"
"881giovannar","ui_bubble_rating bubble_50","Date of experience: March 2018","The entrance fee is high, but he tour is worth all the money. The audio guide that guides you through the castle is well thought, not too long not too short, and provides interesting insights. The castle is amazing both for its architecture and history....More","Level 3 Contributor","1 Helpful vote"
"AleksanderKiev","ui_bubble_rating bubble_50","Date of experience: March 2018","Very very beautiful Castle. It's so comfortable to get here use train and local bus. The nature around just fascinates you. I had such impressions, as if this Castle from fairytales. Always there are a lot of people here. But be ready to asend a...More","Level 6 Contributor","19 Helpful votes"
"JimSTL1021","ui_bubble_rating bubble_20","Date of experience: August 2018","We were able to score late afternoon tickets without reserving ahead of time by arriving at the ticket office around noon. The English tour started about 5:30 pm so it was quite a long wait and a total waste of time. Since much of the...More","Level 6 Contributor","246 Helpful votes"
"bramblyhedge8","ui_bubble_rating bubble_50","Date of experience: December 2018","Nearly booked an organised excursion but when you read most of them they state you have to still pay entrance to castle, so you‚Äôre really paying for a transfer at ¬£50pp We were 4 and got a group ticket for ‚Ç¨35 total this allowed us...More","Level 6 Contributor","57 Helpful votes"
"180simonm","ui_bubble_rating bubble_40","Date of experience: September 2018","The castle itself is very imposing, and like a fairy tail castle. Went on the castle tour, very informative, although the story of its creator is rather sad. Unfortunately it is now very touristy with peolpe evrwhere. Enjoyed our visit though despite this as we...More","Level 5 Contributor","17 Helpful votes"
"PicklesPerth01","ui_bubble_rating bubble_50","Date of experience: December 2018","As an introduction to snow this was a great adventure from Munich. Once you battle for a seat on the train then the bus it's a great walk uphill. Due to the extreme cold and bodies that had yet to acclimatise to the weather we...More","Level 4 Contributor","15 Helpful votes"
"adv40624","ui_bubble_rating bubble_20","Date of experience: December 2018","I first visited this castle in 2001 and recently went back with friends. It is amazing how popular it has become and sadly, is now a tourist trap. The first time I toured the inside of the castle and only a few rooms are actually...More","Level 4 Contributor","26 Helpful votes"
"Lucie N","ui_bubble_rating bubble_30","Date of experience: November 2018","We decided to visit the beautiful Neuschwanstein Castle and we were not disappointed by the breathtaking look of it. We bought a two-way bus ticket to get to the Castle from Schwangau and tickets to get inside (booked online). We were a little early for...More","Level 3 Contributor","4 Helpful votes"
"Linda37g","ui_bubble_rating bubble_50","Date of experience: December 2018","We visited here just after Christmas and its just wow amazing .We were stayibg in Fussen and our receptionist advised us to get here very early before ticket office is open even .We got the bus out and arrived 10 mins after opening time and...More","Level 4 Contributor","25 Helpful votes"
"MattyL09","ui_bubble_rating bubble_40","Date of experience: January 2019","We went to Neuschwanstein from Munich for the day. We found it slightly cheaper to take public transport. On arrival, the bus to the castle wasn‚Äôt running, meaning a long wait for the horse & cart, or a walk. The castle itself is incredible &...More","Level 3 Contributor","2 Helpful votes"
"X19DOC","ui_bubble_rating bubble_50","Date of experience: January 2019","The original Castle Neuschwanstein - Do what you want but make sure that you have visit it once in your lifetime !!! We visited it at the 3rd of January 2019 for two days. Dreamful winterscenery 30 cm Snow - intensiv snowing - cold -...More","Level 3 Contributor","5 Helpful votes"
"juli_juless","ui_bubble_rating bubble_30","Date of experience: August 2018","My rate is 3 because we did not get to see the inside of the Castle as it was closed that day or during the time we were there, I am not sure. There were large groups waiting to go in, maybe only groups were...More","Level 5 Contributor","25 Helpful votes"
"Iguane2013","ui_bubble_rating bubble_50","Date of experience: June 2018","incredible masterpiece, when you drive trough the castle the roads are amazing and the castle is magnificent!","Level 4 Contributor","14 Helpful votes"
"Our W","ui_bubble_rating bubble_40","Date of experience: January 2019","Of course one of the most beautiful man made structures on earth and set in an amazing area the Neuschwanstein castle is amazing. That being said, what you don‚Äôt see when you look at a picture of the castle is the crowds and man are...More","Level 4 Contributor","6 Helpful votes"
"RogerC314","ui_bubble_rating bubble_50","Date of experience: January 2019","We went with Gray Line on their normal (not the premium) Royal Castles day excursion to Linderhof and Neuschwanstein castles and what a great day. Our guide Stephanie and driver Simon were both superb with good subject knowledge and great senses of humour. Highly recommended.","Level 4 Contributor","30 Helpful votes"
"richoma","ui_bubble_rating bubble_50","Date of experience: December 2018","My wife & I went on an organised tour from Munich which was booked via Expedia. We arrived around 10.00 & the castle was surrounded with mist which obscured some parts for photos but soon cleared. On arrival we were given timed tickets & told...More","Level 5 Contributor","18 Helpful votes"
"lilyintx","ui_bubble_rating bubble_50","Date of experience: December 2018","I was so excited to visit the castle- we reserved a tour at the train station, very reasonable- did not have to wait in line when we got there. It was a Monday so it wasn‚Äôt incredibly packed, but there was a train strike. Luckily...More","Level 4 Contributor","16 Helpful votes"
"SUZUKIJR","ui_bubble_rating bubble_50","Date of experience: January 2019","We got a car form SIXT and went to the castle . It is around 1:45 h by car directly to the place through autobahn and part of Romantic route . It is safe . My tip is : buy the tickets online in advance...More","Level 5 Contributor","21 Helpful votes"
"markmercado","ui_bubble_rating bubble_40","Date of experience: May 2018","Disney's peg is truly a magical experience. I love the story surrounding this castle and the royal family involved in it. However, the number of visiting tourists is just overwhelming. It can get extremely crowded. Anyhow, this is something tick off from your bucket list....More","Level 3 Contributor","10 Helpful votes"
"D9448VCchristinec","ui_bubble_rating bubble_10","Date of experience: January 2019","We visited a total of 7 castles between Germany, Czech Republic and Austria, this was by FAR the worst. The trip out to Schwangau alone was a complete RIP off. They seem to be aware that there is only 1 reason to go out to...More","Level 2 Contributor","6 Helpful votes"
"SrikanthSrinivas","ui_bubble_rating bubble_50","Date of experience: February 2018","amazing castle built on top of hill. One has to come to Fussen, take a bus to Schwangau and reach ticket centre at the foot of the hill. Buses ferrey visitors to the castle gate, but watch for the frequency. Visit the website and block...More","Level 4 Contributor","28 Helpful votes"
"xlalalaur3n","ui_bubble_rating bubble_40","Date of experience: September 2018","The castle has a steep incline to the top that I only recommend those who are decently fit to hike on their own. Otherwise take a carriage because people were struggling left and right and we actually had an older gentlemen from our tour who...More","Level 6 Contributor","41 Helpful votes"
"iqttrvlr","ui_bubble_rating bubble_50","Date of experience: September 2018","Just as imagined, with a wonderful story to go with it. On my bucket list since I first heard about it. In my opinion it is the most beautiful castle there is.","Level 6 Contributor","35 Helpful votes"
"weeksj2015","ui_bubble_rating bubble_50","Date of experience: December 2018","We were at the castle In December and arrived late. The castle was very nice from the outside, the attention to details was outstanding. There is a horse drawn carriage that will take you to the castle if you want to wait in line. Tours...More","Level 6 Contributor","17 Helpful votes"
"clmccor","ui_bubble_rating bubble_20","Date of experience: December 2018","The inside of the castle is beautiful - the effort is not. The amount of effort and physical pain it took to get here was horrible. It sold out by 1130. We had to stand on the train there, people touching you on all sides...More","Level 1 Contributor","3 Helpful votes"
"donalde380","ui_bubble_rating bubble_40","Date of experience: November 2018","We arrived to Neuschwanstein Castle early in the morning. The only tickets for the tours remaining were after 1:30pm. The tour was amazing; however there is a lot of walking and stair climbing involved. Also, you are not allowed to take any photos inside the...More","",""
"zergblerg","ui_bubble_rating bubble_40","Date of experience: December 2018","Neuschwanstien is a beautiful castle down in Bavaria. It is a fantastic piece of architecture with many beautiful pairings and wood carvings inside. However, getting there in peak season one has to be very committed. Over the Christmas period the lines for anything are huge...More","Level 5 Contributor","7 Helpful votes"
"fj-tripper","ui_bubble_rating bubble_20","Date of experience: December 2018","Overall, this very touristy historical site is underwhelming. There is a lot of foofaraw and expense to get there (prebooked tickets for a specific timeslot, 6‚Ç¨ parking, 40 minute walk up the mountain, much queuing, many tourists) for what in the end is a 30...More","Level 4 Contributor","23 Helpful votes"
"Tampauro","ui_bubble_rating bubble_50","Date of experience: December 2018","I drove my family of 5 from Munich to the castle. Well worth it. It was beautiful. It was a long uphill walk. You can take a horse and buggy instead, but there are not many of those and they don‚Äôt come around often. We...More","Level 6 Contributor","28 Helpful votes"
"David C","ui_bubble_rating bubble_40","Date of experience: December 2018","This castle is beautiful from the outside but kind of underwhelming on the inside. Definitely come see it but feel free to skip the tour. Take your time on the hike up. It‚Äôs free to see the outside. Great scenic views of the valley as...More","Level 6 Contributor","134 Helpful votes"
"CG O","ui_bubble_rating bubble_50","Date of experience: December 2018","Very beautiful and spectacular view. Can buy ticket on-site but very long queue. We queued for more than 90 mins just to buy ticket. Strongly suggest to book online to avoid this. Guided tour js compulsory and she is really good . Worth it.","Level 6 Contributor","134 Helpful votes"
"jim80","ui_bubble_rating bubble_30","Date of experience: December 2018","Visited in winter when transport nearer the castle does not run. The one mile walk uphill was challenging and as the castle has much building work there is a lot of scaffolding around it. There are tours every 5 minutes and each tour has too...More","Level 3 Contributor","8 Helpful votes"
"eadfphoto","ui_bubble_rating bubble_50","Date of experience: December 2018","Beautiful landscapes. Awesome structure. The snow everywhere gave him an even more attractive taste. If the sun touches it, it looks breathtaking. I really recommend visiting this place if you are visiting Bavaria. Actually, it is a ""You-Must-Visit"" place. If you go by train from...More","Level 3 Contributor","8 Helpful votes"
"Can_Travel_2018","ui_bubble_rating bubble_30","Date of experience: December 2018","This castle was nice with good history. We enjoyed taking pictures of the castle from the bridge. There was a nearby restaurant. We were able to get tickets fairly easy at the ticket booth although our hotel was fully booked. We just walked up to...More","Level 2 Contributor","8 Helpful votes"
"Stormie C","ui_bubble_rating bubble_40","Date of experience: December 2018","It‚Äôs a long day out from Munich- 2 hours each way by train to F√ºssen , then 10 minutes by bus to the castle location and ticket office. It was crazy busy the day we visited, 2 days before Christmas, and by the time we...More","Level 6 Contributor","48 Helpful votes"
"welchtima","ui_bubble_rating bubble_50","Date of experience: September 2018","We had want to visit this castle for many years, so on the road from the Black Forest to Munich, we stayed the night in Hohenschwangau and took an early tour of the castle. The walk up is steep but picturesque and offers a few...More","Level 6 Contributor","48 Helpful votes"
"870leesah","ui_bubble_rating bubble_50","Date of experience: December 2018","Absolutely must see this was a wonderful experience. We booked two weeks before arriving. Arrive at least 1.5 hours before tour.","Level 4 Contributor","3 Helpful votes"
"Debiprasad M","ui_bubble_rating bubble_50","Date of experience: October 2018","An excellent escapade for people travelling to Munich or living in Munich like me. We drove to Neuschwanstein from Munich for 1.5 hours. The castle has spectacular views. For families with Kids, I would highly recommend to take the horse cart up to the castle...More","Level 2 Contributor","6 Helpful votes"
"bernie b","ui_bubble_rating bubble_40","Date of experience: December 2018","Hi there I have been here a few times.last time 5 years ago. Came back today. Well, very busy. Parking is now a ridiculous 6 euros!!! Really?is t it enough to charge for the toilet? Anyway, dont waste your time, driving around to find a...More","Level 5 Contributor","62 Helpful votes"
"Chris R","ui_bubble_rating bubble_50","Date of experience: December 2018","Castle is less than 150 years old and clearly shows it inside. Much less dreary than many other castles. Be aware that currently (late 2018) you must walk about 1 kilometer up a road to the castle - or you can take the horse drawn...More","Level 6 Contributor","98 Helpful votes"
"LONPAR52","ui_bubble_rating bubble_50","Date of experience: December 2018","We did not pre-order tickets as our dates were not firm-however we decided to go anyway and hope for the best. We took the train from Munich‚Äôs HBF (main train station) at around 950am to F√ºssen, arriving close to 12noon. After arriving F√ºssen, we took...More","Level 2 Contributor","4 Helpful votes"
"tubbagoogoo","ui_bubble_rating bubble_30","Date of experience: December 2018","We had a good time visiting the castle, our hotel arranged the tickets and pick up was easy and efficient. Best advice would be to take the horse carriage up and walk down...down is much easier then up :). Keep an eye on the carriage...More","Level 4 Contributor","14 Helpful votes"
"vaevy","ui_bubble_rating bubble_30","Date of experience: December 2018","Maria bridge and the castle is under construction. No shuttle bus in winter time. I need to take horse instead. but you can walk up to the castle.","Level 4 Contributor","2 Helpful votes"
"josettem481","ui_bubble_rating bubble_50","Date of experience: December 2018","For anyone who loves spectacular scenery and majestic rooms, you must definately visit Neuschwanstein castle. I preferred the scenery whereas Linderhoff castle is spectacular. A work of art","Level 3 Contributor","8 Photos"
"Mattiaquatrav","ui_bubble_rating bubble_30","Date of experience: December 2018","Was really cold walking up to the castle. Could feel my ears at a certain point was -13 deg. From the outside the castle looked astonishing and enormous. When we went in the architecture wood was marvelousü§§. Was disappointed cause such a huge castle and...More","Level 3 Contributor","1 Helpful vote"
"CandyMckibbin","ui_bubble_rating bubble_50","Date of experience: October 2018","This Castle is a must visit, the views are incredible! The King's man cave was one of my favourite ""rooms""in the castle. I loved the fairytale element and closeness to nature!","Level 4 Contributor","1 Helpful vote"
"stgrg","ui_bubble_rating bubble_40","Date of experience: December 2018","It is a nice place to visit ... A traditional king's castle with plenty of fine rooms and treasures..! I don't believe it is value for money.. i think the guided tour is poor! The tour lady didn't speak so good and made it difficult...More","Level 6 Contributor","65 Helpful votes"
"JPMMJM","ui_bubble_rating bubble_40","Date of experience: October 2018","We walked slowly up to the castle and walked down as well. There are also many steps on the castle tour itself. If you have knee issues, you should really consider the bus up and the carriage ride down. The views along the way and...More","Level 6 Contributor","48 Helpful votes"
"Pitt-Duq","ui_bubble_rating bubble_40","Date of experience: December 2018","This is a magnificent site. A must see if you are in the area. However, December is probably not the best time to visit. If the buses are not running between the visitor center and the castle, is can be a cold 45 minute walk....More","Level 6 Contributor","48 Helpful votes"
"Cristina S","ui_bubble_rating bubble_50","Date of experience: September 2018","beautiful castle and visit well organized . Possibility, in the same day to visit this Castle and the other (Hohenschwangau Castle) very close to the Neuschwanstein Castle. Suggestion: to arrive early in the morning to the ticket office to avoid to wait longer in line.","Level 3 Contributor","1 Helpful vote"
"BenGenn","ui_bubble_rating bubble_50","Date of experience: January 2018","There are not the words to describe the beauty of this castle, an unforgettable place, the memories of which will stay with me the rest of my life. Do not miss this!","Level 6 Contributor","92 Helpful votes"
"Limam2015","ui_bubble_rating bubble_50","Date of experience: November 2018","I did a day trip here from Munich. We were lucky we went at this time of year because sometimes the bridge opposite the castle can be closed due to weather or maintenance. It was amazing to stand on the bridge and see the castle...More","Level 2 Contributor","9 Helpful votes"
"Owen W","ui_bubble_rating bubble_50","Date of experience: June 2018","Has to be seen to be belived,floats in the sky. good parking for cars and buses, travelled there on a motorbike.june 2017.","Level 2 Contributor","2 Helpful votes"
"CommonGroundTraveler","ui_bubble_rating bubble_50","Date of experience: November 2018","We spent the night in Fussen before visiting Neuschwanstein and I recommend doing the same. This way you can get to the castle before the crowds arrive from Munich. Make sure you book your ticket time ahead of time online as soon as you know...More","Level 6 Contributor","37 Helpful votes"
"tennfan07","ui_bubble_rating bubble_50","Date of experience: December 2018","Our first visit to the Neuschwanstein Castle we eventful. We drove to the parking lot, gave them 6 euro to park, then since we already prepurchased our tickets, we decided to walk up (about a mile) to the castle. You could ride a horse drawn...More","Level 3 Contributor","3 Helpful votes"
"izzylondoner","ui_bubble_rating bubble_40","Date of experience: December 2018","Easy to get to from Munich (we used the Bayern ticket - cheap and easy). Check the train times for the journey back when you arrive at Fussen station (especially whether it‚Äôs a direct train or need to change.. its not too problematic changing and...More","Level 2 Contributor","1 Helpful vote"
"Carolina Q","ui_bubble_rating bubble_50","Date of experience: December 2018","Aweson. This tours was amazing the castle was beautiful. But you have to be preaper for walk, It's a long distance. Dani was an excelente guide.","Level 2 Contributor","1 Helpful vote"
"babyn1nja","ui_bubble_rating bubble_50","Date of experience: August 2018","Very beautiful place to hike. There is a bike trail that you can also walk along if you like a steep challenging trail. It took us a good 30 min to get to the bridge but it was worth it. Beautiful and not as scary...More","Level 3 Contributor","1 Helpful vote"
"Eagle525","ui_bubble_rating bubble_30","Date of experience: September 2018","Visiting Neuschwanstein ( NS) Castle has been on To Do List forever ... finally in Sept 2019, I satisfied TDL. We contracted for a private tour of the area of which the castle was one of the stops. Here is what you need to know...More","Level 6 Contributor","33 Helpful votes"
"angad2102","ui_bubble_rating bubble_50","Date of experience: January 2018","Fairytale-like experience. It would be much better if you reserve tickets online and dont depend on getting tickets on site.","Level 6 Contributor","35 Helpful votes"
"chunk2016","ui_bubble_rating bubble_50","Date of experience: December 2018","Visited this place in Dec, with my elderly parents and younger brother. Joined the Grayline tour, departing from Karlstadt, Bahnhofplatz at 830am. Be very punctual as the bus leaves on the dot. We arrived at Hohenschwangau around 1pm. Collected our tickets and went ahead ourselves...More","Level 4 Contributor","8 Helpful votes"
"Cezara M","ui_bubble_rating bubble_50","Date of experience: December 2018","Loved the tour- short, a lot of things to see and fall in love with. The first place I would love and look forward to see in each season. A highlight for this was our tour guide, Julia - nice english accent, humour and voice,...More","Level 1 Contributor","4 Helpful votes"
"jojopeng","ui_bubble_rating bubble_50","Date of experience: November 2018","Female solo traveller. Stayed 2 nights in Fussen. Went to the castle area for 2 continuous days on 29&30 Nov. Took the DB train from Munich Hbf to Fussen, my guesthouse in Fussen gave me a ""Fussen card"" where I can take unlimited bus rides...More","Level 5 Contributor","44 Helpful votes"
"HolidaymakerfromHove","ui_bubble_rating bubble_50","Date of experience: November 2018","Visited the castle in a day trip from Munich at the end of November. Booked through get your guide. Took 2 hours on a coach to get there. The castle is absolutely beautiful. We thoroughly enjoyed our time here. It‚Äôs a bit of a hike...More","Level 6 Contributor","36 Helpful votes"
"Robert L","ui_bubble_rating bubble_40","Date of experience: November 2018","The castle is an interesting experience, but not a must see. Getting the tickets in advance is a must, but you need to allow yourself time to get to the castle by either foot or horse drawn carriage (7 euros). Then, you need to be...More","Level 6 Contributor","15 Helpful votes"
"FormerExpat2014","ui_bubble_rating bubble_40","Date of experience: November 2018","Easy to see how this castle could have been the inspiration for the Disney castle in Florida. Easy 30-minute walk up the hill from the base which provides the picture takers a few extra shots. At the top, easy hike back to the foot bridge...More","Level 6 Contributor","49 Helpful votes"
"akiran222","ui_bubble_rating bubble_50","Date of experience: December 2018","Castle Neuschwanstein is the fairytale castle of King Ludwig II of Bavaria. It is a must see if you visit Bavaria. You feel enchanted and taken back centuries when you stand in front of it or even better visit it . The opening times in...More","Level 4 Contributor","8 Helpful votes"
"TRULY_INDIAN","ui_bubble_rating bubble_50","Date of experience: December 2018","Go early . Take the shuttle on the way up provided you are on time. Would strongly advise to visit during off season when you can really enjoy the beauty surrounding the castle. I went in December 1st week when it was a bit cloudy...More","Level 4 Contributor","37 Helpful votes"
"2Travel4Explore","ui_bubble_rating bubble_40","Date of experience: December 2018","So you must see this - it‚Äôs fairytale perfect, incredible setting, truly fairytale quality inside and out. BUT - the tour is only 25 minutes inside, and is very ‚Äòherded‚Äô. Groups are large, there are lots of stairs, you can take no pictures and you...More","Level 5 Contributor","25 Helpful votes"
"Jessi J","ui_bubble_rating bubble_30","Date of experience: November 2018","The castle is very intricate and worth a visit if you can get there. However, the 3-hour train ride (one-way) and guide for a short walking tour around the small village is not worth it for the 35-minute, scripted tour you get of the castle...More","Level 2 Contributor","1 Helpful vote"
"brugnolc","ui_bubble_rating bubble_30","Date of experience: December 2018","We went with an organised trip, therefore our guide had booked tickets with a timed entrance and audioguides. The walk up to the castle is not that long, less than 20minutes if you are a good walker. Luckily there was neither snow or ice, or...More","Level 4 Contributor","6 Helpful votes"
"AnnaDiomena","ui_bubble_rating bubble_40","Date of experience: January 2018","The castle itself was stunning and beautiful, as well as the nearby Hohenschwangau. The carriages with the horses were also great. But the guided tour was horrible and non professional - our group booked a guide in english, but we got the one in german...More","Level 1 Contributor","6 Helpful votes"
"kalemontenegro","ui_bubble_rating bubble_50","Date of experience: November 2018","This is definitely a visit that will take most of your day. You can take advantage of the other castle in the area so that your time is well spent. There are bus tours from M√ºnich, but we found it easier and cheaper to just...More","Level 3 Contributor","2 Helpful votes"
"sk009","ui_bubble_rating bubble_30","Date of experience: November 2018","The day I went to visit the castle was very cloudy and misty. I could not see even the silhouette from the bridge. I took a guided tour to go inside of the castle. Frankly there is nothing very exciting. Honestly, many reviews and travel...More","Level 6 Contributor","24 Helpful votes"
"Monique140968","ui_bubble_rating bubble_20","Date of experience: November 2018","I was SO disappointed seeing the castle today! Firstly no buses were running and the viewing bridge was closed for maintenance (even though somehow people were getting on there as you could see them!) so you couldn‚Äôt get a good view of the castle at...More","Level 6 Contributor","184 Helpful votes"
"Iliana N","ui_bubble_rating bubble_10","Date of experience: November 2018","I can‚Äôt even explain how disappointed I am with this experience. I travelled through half the world with my family and friends to visit Neuschwanstein. The guy who sold us the tickets didn‚Äôt even speak English, but finally we managed to get along and buy...More","",""
"944catiaf","ui_bubble_rating bubble_50","Date of experience: November 2018","Even on a rainy day the views were breathtaking! Parking for 6 euros all day. Walk uphill to get to the castle with great views.","Level 5 Contributor","10 Helpful votes"
"Jordon H","ui_bubble_rating bubble_40","Date of experience: September 2018","Beautiful castle, especially the master bedroom with the intricately carved bed. This castle was not finished when King Ludwig II was alive. A lot of the castle is being updated and restored. Worth the look, but since the majority of the castle is not finished...More","Level 4 Contributor","11 Helpful votes"
"463scotth","ui_bubble_rating bubble_50","Date of experience: May 2018","This has always been my wife‚Äôs favourite castle, it did not disappoint! We were on our honeymoon and this happened to be the 13th anniversary of our first date.","Level 2 Contributor","8 Photos"
"Franco_Reviewer","ui_bubble_rating bubble_50","Date of experience: November 2018","Must see in Bavaria however not sure if it's worth paying the entrance ticket as you are only shown 4 rooms in 15 minutes. You can reach the door of the Castle without paying a cent and take beautiful pictures from there. Be careful of...More","Level 6 Contributor","100 Helpful votes"
"Clarence_Beeks","ui_bubble_rating bubble_50","Date of experience: November 2018","Visited on a Friday. Walked up the hill free of charge. The horse drawn carriage looked slow, overpriced, and no terribly enjoyable for the horses. He shuttle bus was much cheaper but I we opted to walk to enjoy the scenery and fresh air. Our...More","Level 6 Contributor","65 Helpful votes"
"cecil s","ui_bubble_rating bubble_50","Date of experience: October 2018","We recently took the English speaking full day tour, operated by Gray Line Sightseeing Munich and found the experience to be excellent. Our English speaking guide Lucy was great and her knowledge and humour throughout the day was first rate. It was a reasonably early...More","Level 3 Contributor","6 Helpful votes"
"Natalia B","ui_bubble_rating bubble_20","Date of experience: November 2018","We visited this castle today which was organized by Radius Tours. I have nothing but great things to say about Radius; the guide was superb. However, the guide could not take us into the castle interior; only a castle guide can escort you. That was...More","Level 3 Contributor","4 Helpful votes"
"John S","ui_bubble_rating bubble_40","Date of experience: November 2018","Reserve your tickets on-line ahead of time. The days we tried to get were sold out but the ticket center did not communicate that to us. We just tried different dates and then we got confirmation via email. Location of ticket center - it's right...More","Level 6 Contributor","70 Helpful votes"
"kcbarbie","ui_bubble_rating bubble_50","Date of experience: October 2018","You've seen photographs of this castle your entire life. you've heard it was the inspiration for the Disney Castles. Why not visit it up close and in person? It's breathtaking! so unfortunate that we happened to be there while construction was going on, but up...More","Level 6 Contributor","37 Helpful votes"
"D7323MOpatrickl","ui_bubble_rating bubble_50","Date of experience: November 2018","Just simply amazing. We had been during the summer. Weather was beautiful. During the winter it is also a sight to behold! The snow coming down made it all the more magical. I recommend the tours. I also recommend taking the horse and buggy up...More","Level 6 Contributor","18 Helpful votes"
"Sam24112013","ui_bubble_rating bubble_40","Date of experience: October 2018","I just had to see this castle - famous for being the inspiration for Walt Disney's castle. It was just unfortunate that at that time, the front portion was being renovated. But it was a good experience nevertheless, The castle was really picturesque and beautiful....More","Level 6 Contributor","127 Helpful votes"
"Sarah J","ui_bubble_rating bubble_30","Date of experience: June 2018","The castle is beautiful, the environment is enchanting. The views from the bridge are the best part of the visit. I would not pay for the castle tour. It is limited in what you get to see. The outside is much better than inside!","Level 4 Contributor","8 Helpful votes"
"204kylec","ui_bubble_rating bubble_50","Date of experience: April 2018","Picturesque and beautiful. If you have the time and are able, hike up and around the castle. It is worth it. Buy tickets ahead of time and enjoy a tour of the inside.","Level 4 Contributor","8 Helpful votes"
"Karen A","ui_bubble_rating bubble_40","Date of experience: October 2018","Famed for being the inspiration for Walt Disney's Sleeping Beauty Castle, Neuschwanstein does not disappoint! I was a little surprised by how small it was though. But it's location, surrounded by majestic mountains, nestled into the rocks, was simply a fairytale setting. I would suggest...More","Level 4 Contributor","23 Helpful votes"
"hidden-cem34yvr","ui_bubble_rating bubble_20","Date of experience: November 2018","This town is amazing! It has historical and natural beauty together. You can walk around the lake, take wonderful photos, and experience traditional German dishes at reasonable prices compared to Munich! The only downside of this experience was the tour! We waited in the line...More","Level 2 Contributor","5 Helpful votes"
"V6223RFjoels","ui_bubble_rating bubble_50","Date of experience: November 2018","The castle and grounds never fails to impress. We wanted to see it during the fall and what a beautiful site. We always take the horse drawn carriage to the landing area. Well worth the 10.50 euro price for round trip.","Level 4 Contributor","15 Helpful votes"
"mtskygirl","ui_bubble_rating bubble_50","Date of experience: October 2018","We spent the day visiting both castles and must say we enjoyed seeing the inside of Neuschwansteinstra√üe Castle. It was astounding to hear the history behind all the swans. The tours are organized at different times so pay attention to the sign to see if...More","Level 6 Contributor","36 Helpful votes"
"nicolerH8788LU","ui_bubble_rating bubble_40","Date of experience: November 2018","We checked this castle out on our way from GPK to Munich. It‚Äôs stunning, gorgeous, and relatively young in European standards. However, the crowds were nuts. It took away from the charm, might as well go see the castle Disneyland made (inspired from this) and...More","Level 5 Contributor","15 Helpful votes"
"WhatDoesntSuck","ui_bubble_rating bubble_50","Date of experience: September 2018","There are some places in the world which will always be packed with tourists, and at the same time doesn't lessen the experience. The Neischwanstein Castle may be the most famous castle in the world, but no amount of tourists take away from the amazing...More","Level 5 Contributor","123 Helpful votes"
"MelissaScottkk58","ui_bubble_rating bubble_30","Date of experience: October 2018","The pictures are amazing, the castle up close and inside, not so much. This is a huge tourist event. We did not pre-purchase tickets as it was the end of Oct. and we got the last 3 tickets that were available for the day. Up...More","Level 6 Contributor","109 Helpful votes"
"1lorrie2014","ui_bubble_rating bubble_40","Date of experience: October 2018","So beautiful. BUT, it is very congested with tourist. I went in October thinking it wouldn't be that crowed, boy was I wrong. I stayed in the little town right by the 2 castles and thank god I did, otherwise it would have been a...More","Level 3 Contributor","8 Helpful votes"
"schmib5","ui_bubble_rating bubble_10","Date of experience: November 2018","- Shame on you owner of this jewel to organize such an awful visit. - Shame on you crew members who welcome so badly visitors - Shame on you officials of this region who let such a bad image staining on the whole region. We...More","",""